Table 11 :  Gross fixed capital formation at current market prices classified by type of capital goods (original),,,,,,,,,,,,,,,
Unit : Million Baht,,,,,,,,,,,,,,,
,,(1)Construction , (1.1)Private, (1.1.1)Dwellings (Construction-private),(1.1.2)Non-Dwellings  (Construction-private),(1.1.3)Others construction  (Construction-private),(1.1.4)Cost of ownership transfer  (Construction-private),(1.2)Public ,(1.2.1)Dwellings (Construction-pubic) ,(1.2.2)Non-Dwellings (Construction-pubic),(1.2.3)Others construction Services (Construction-pubic) ,(2)Machinery and equipment ,(2.1)Transport Equipment (Machinery and equipment) ,(2.2)Other machinery and equipment ,(3)Gross Fixed Capital Formation (14)
1993,Q1,"154,814","117,958","57,427","43,084","13,730","3,717","36,856","2,240","10,560","24,056","152,516","46,627","105,889","307,330"
1993,Q2,"162,871","118,966","60,536","40,982","13,730","3,718","43,905","2,614","10,845","30,446","152,994","69,803","83,191","315,865"
1993,Q3,"183,558","110,219","56,900","35,870","13,731","3,718","73,339","1,957","14,726","56,656","149,884","43,359","106,525","333,442"
1993,Q4,"142,089","100,699","51,996","31,255","13,730","3,718","41,390","2,427","10,811","28,152","176,117","38,542","137,575","318,206"
1994,Q1,"181,142","120,017","60,874","31,968","22,802","4,373","61,125","2,948","16,171","42,006","157,215","41,595","115,620","338,357"
1994,Q2,"183,620","123,141","63,532","32,433","22,803","4,373","60,479","2,990","16,428","41,061","194,349","67,147","127,202","377,969"
1994,Q3,"198,581","127,308","66,601","33,532","22,802","4,373","71,273","3,458","19,087","48,728","175,801","53,225","122,576","374,382"
1994,Q4,"190,019","130,836","69,275","34,385","22,803","4,373","59,183","2,945","16,161","40,077","194,900","42,687","152,213","384,919"
1995,Q1,"203,901","131,695","68,085","38,341","20,648","4,621","72,206","3,818","16,811","51,577","228,558","74,255","154,303","432,459"
1995,Q2,"204,066","130,753","66,651","39,106","20,648","4,348","73,313","3,930","17,182","52,201","210,938","84,726","126,212","415,004"
1995,Q3,"217,199","138,410","71,395","42,233","20,648","4,134","78,789","4,207","18,325","56,257","224,003","65,160","158,843","441,202"
1995,Q4,"213,117","142,076","74,162","43,230","20,648","4,036","71,041","3,764","16,623","50,654","240,990","60,038","180,952","454,107"
1996,Q1,"223,497","144,526","72,732","41,661","26,208","3,925","78,971","3,966","18,464","56,541","234,525","78,757","155,768","458,022"
1996,Q2,"227,287","139,943","70,819","38,118","26,208","4,798","87,344","4,426","20,729","62,189","234,349","100,324","134,025","461,636"
1996,Q3,"249,972","135,308","70,219","35,052","26,208","3,829","114,664","5,801","27,777","81,086","241,815","89,410","152,405","491,787"
1996,Q4,"230,526","133,548","68,650","34,789","26,208","3,901","96,978","4,538","21,317","71,123","290,240","73,177","217,063","520,766"
1997,Q1,"166,850","77,659","36,772","30,157","6,995","3,735","89,191","4,841","17,149","67,201","261,928","69,952","191,976","428,778"
1997,Q2,"181,918","78,778","36,384","32,503","6,695","3,196","103,140","5,332","19,229","78,579","231,374","68,919","162,455","413,292"
1997,Q3,"230,239","72,106","33,160","29,328","6,728","2,890","158,133","8,691","28,462","120,980","217,800","51,921","165,879","448,039"
1997,Q4,"157,259","67,559","28,881","28,627","7,288","2,763","89,700","4,666","16,169","68,865","182,938","39,212","143,726","340,197"
1998,Q1,"139,700","53,914","22,643","22,369","6,790","2,112","85,786","3,959","20,369","61,458","147,792","25,064","122,728","287,492"
1998,Q2,"122,659","42,905","16,892","17,956","6,556","1,501","79,754","3,401","17,646","58,707","115,420","23,809","91,611","238,079"
1998,Q3,"156,773","36,084","12,789","15,591","6,443","1,261","120,689","3,904","21,149","95,636","116,254","24,146","92,108","273,027"
1998,Q4,"110,805","32,491","11,219","13,519","6,471","1,282","78,314","3,162","15,251","59,901","132,074","25,626","106,448","242,879"
1999,Q1,"105,791","32,133","11,592","13,147","6,073","1,321","73,658","2,692","14,141","56,825","117,706","21,758","95,948","223,497"
1999,Q2,"121,615","32,806","12,274","13,006","6,090","1,436","88,809","2,878","14,221","71,710","127,130","35,923","91,207","248,745"
1999,Q3,"145,794","32,598","12,307","12,584","6,332","1,375","113,196","5,392","19,674","88,130","118,049","29,106","88,943","263,843"
1999,Q4,"98,707","29,444","10,998","10,910","6,321","1,215","69,263","2,457","12,411","54,395","142,811","36,535","106,276","241,518"
2000,Q1,"112,809","33,997","12,710","14,483","5,453","1,351","78,812","3,724","11,755","63,333","176,763","66,481","110,282","289,572"
2000,Q2,"104,687","38,732","16,350","15,677","5,439","1,266","65,955","2,750","10,197","53,008","145,854","34,238","111,616","250,541"
2000,Q3,"126,689","38,012","16,426","14,796","5,534","1,256","88,677","3,912","13,811","70,954","158,036","43,547","114,489","284,725"
2000,Q4,"83,969","35,398","15,695","12,995","5,459","1,249","48,571","1,831","6,938","39,802","185,005","57,882","127,123","268,974"
2001,Q1,"108,673","37,827","16,884","14,311","5,454","1,178","70,846","2,692","8,468","59,686","203,901","56,061","147,840","312,574"
2001,Q2,"101,722","41,869","20,029","15,033","5,445","1,362","59,853","2,418","8,262","49,173","202,279","58,457","143,822","304,001"
2001,Q3,"142,402","42,800","21,180","14,712","5,452","1,456","99,602","4,316","14,187","81,099","170,202","36,772","133,430","312,604"
2001,Q4,"91,420","41,439","20,456","14,002","5,431","1,550","49,981","1,908","6,089","41,984","180,979","38,773","142,206","272,399"
2002,Q1,"113,231","45,721","23,216","15,247","5,669","1,589","67,510","2,002","9,221","56,287","203,046","72,390","130,656","316,277"
2002,Q2,"121,407","50,110","26,796","15,748","5,678","1,888","71,297","1,940","9,224","60,133","193,526","49,330","144,196","314,933"
2002,Q3,"144,717","52,348","27,411","17,187","5,688","2,062","92,369","2,839","13,046","76,484","197,546","52,369","145,177","342,263"
2002,Q4,"94,907","50,586","26,640","16,022","5,697","2,227","44,321","1,299","5,257","37,765","195,825","52,308","143,517","290,732"
2003,Q1,"113,825","56,148","29,773","18,179","5,992","2,204","57,677","1,404","5,773","50,500","235,799","82,123","153,676","349,624"
2003,Q2,"127,091","59,687","32,392","18,780","5,988","2,527","67,404","1,521","6,542","59,341","235,018","63,395","171,623","362,109"
2003,Q3,"160,803","65,026","35,060","21,082","5,970","2,914","95,777","2,578","10,784","82,415","222,754","67,352","155,402","383,557"
2003,Q4,"111,376","63,924","33,772","18,816","5,979","5,357","47,452","1,248","5,282","40,922","248,330","80,613","167,717","359,706"
2004,Q1,"131,081","69,357","39,061","21,004","6,056","3,236","61,724","2,694","6,604","52,426","260,135","108,730","151,405","391,216"
2004,Q2,"142,913","73,600","42,020","21,397","6,049","4,134","69,313","2,863","7,539","58,911","285,330","90,668","194,662","428,243"
2004,Q3,"180,238","77,783","44,776","22,651","6,045","4,311","102,455","4,844","10,640","86,971","267,838","92,520","175,318","448,076"
2004,Q4,"137,547","74,869","41,952","20,342","6,051","6,524","62,678","4,040","8,106","50,532","324,045","100,888","223,157","461,592"
2005,Q1,"156,758","79,533","47,228","21,956","6,287","4,062","77,225","3,802","6,548","66,875","350,836","141,103","209,733","507,594"
2005,Q2,"164,619","80,854","48,977","21,012","6,362","4,503","83,765","5,729","6,457","71,579","370,261","104,630","265,631","534,880"
2005,Q3,"204,591","84,773","50,942","23,215","6,181","4,435","119,818","10,517","12,386","96,915","336,865","118,488","218,377","541,456"
2005,Q4,"153,461","82,054","47,437","22,137","6,309","6,171","71,407","9,999","7,666","53,742","372,761","129,831","242,930","526,222"
2006,Q1,"173,656","85,063","51,130","23,025","6,593","4,315","88,593","10,647","8,451","69,495","387,173","107,385","279,788","560,829"
2006,Q2,"183,452","87,259","53,228","22,976","6,590","4,465","96,193","12,540","9,981","73,672","398,259","110,865","287,394","581,711"
2006,Q3,"220,196","90,903","54,802","25,306","6,594","4,201","129,293","12,921","18,187","98,185","338,013","111,911","226,102","558,209"
2006,Q4,"166,006","87,060","50,738","24,397","6,597","5,328","78,946","7,282","7,605","64,059","388,535","139,852","248,683","554,541"
2007,Q1,"181,676","88,327","54,163","24,226","5,808","4,130","93,349","15,314","8,246","69,789","368,084","94,617","273,467","549,760"
2007,Q2,"196,264","88,670","54,537","23,944","5,569","4,620","107,594","13,503","11,875","82,216","392,087","109,685","282,402","588,351"
2007,Q3,"235,752","93,319","57,461","25,228","6,103","4,527","142,433","12,627","20,140","109,666","343,083","108,497","234,586","578,835"
2007,Q4,"180,594","81,665","46,276","22,570","7,983","4,836","98,929","15,146","14,620","69,163","412,944","180,036","232,908","593,538"
2008,Q1,"198,342","95,121","55,078","29,003","6,941","4,099","103,221","13,919","16,713","72,589","432,037","125,141","306,896","630,379"
2008,Q2,"211,099","100,826","64,404","27,997","5,512","2,913","110,273","13,125","13,000","84,148","443,464","141,201","302,263","654,563"
2008,Q3,"247,065","107,732","68,047","30,995","6,531","2,159","139,333","12,244","22,833","104,256","408,145","126,523","281,622","655,210"
2008,Q4,"170,423","88,191","48,237","26,786","9,309","3,859","82,232","10,372","12,753","59,107","456,686","178,372","278,314","627,109"
2009,Q1,"178,575","84,147","46,663","27,918","7,531","2,035","94,428","8,506","16,395","69,527","322,593","91,992","230,601","501,168"
2009,Q2,"201,138","85,383","48,503","27,443","7,531","1,906","115,755","6,651","15,707","93,397","347,582","95,748","251,834","548,720"
2009,Q3,"240,372","91,730","53,561","28,794","7,538","1,837","148,642","9,070","21,441","118,131","344,210","95,163","249,047","584,582"
2009,Q4,"181,022","87,894","50,499","25,440","7,537","4,418","93,128","6,438","12,525","74,165","416,526","183,440","233,086","597,548"
2010,Q1,"204,692","99,172","53,135","31,622","11,028","3,387","105,520","8,671","14,661","82,188","404,074","132,837","271,237","608,766"
2010,Q2,"235,654","100,989","55,979","31,837","11,003","2,170","134,665","12,676","19,472","102,517","423,497","154,066","269,431","659,151"
2010,Q3,"260,741","107,563","60,371","34,257","11,045","1,890","153,178","13,067","28,639","111,472","400,542","140,298","260,244","661,283"
2010,Q4,"195,685","101,626","54,348","31,580","11,004","4,694","94,059","9,609","14,869","69,581","468,282","209,789","258,493","663,967"
2011,Q1,"216,363","115,253","60,135","36,847","13,980","4,291","101,110","11,191","17,423","72,496","522,732","228,786","293,946","739,095"
2011,Q2,"230,533","115,124","61,081","37,902","13,526","2,615","115,409","10,437","18,182","86,790","528,301","244,727","283,574","758,834"
2011,Q3,"269,092","124,501","69,916","38,764","13,623","2,198","144,591","11,323","23,844","109,424","454,380","174,451","279,929","723,472"
2011,Q4,"200,467","114,600","60,606","36,440","13,298","4,256","85,867","10,491","15,801","59,575","499,424","226,908","272,516","699,891"
2012,Q1,"224,370","121,752","63,521","39,639","14,481","4,111","102,618","10,803","21,145","70,670","578,854","216,179","362,675","803,224"
2012,Q2,"256,469","132,022","71,691","43,383","13,941","3,007","124,447","10,859","22,332","91,256","589,966","273,828","316,138","846,435"
2012,Q3,"310,191","141,249","78,110","46,717","14,063","2,359","168,942","9,919","26,476","132,547","515,327","227,570","287,757","825,518"
2012,Q4,"245,310","128,785","70,064","39,841","13,613","5,267","116,525","10,952","20,770","84,803","615,212","328,444","286,768","860,522"
2013,Q1,"263,138","137,074","73,580","43,755","14,659","5,080","126,064","7,485","27,316","91,263","596,892","285,569","311,323","860,030"
2013,Q2,"274,785","142,939","81,221","43,670","14,116","3,932","131,846","5,727","24,421","101,698","583,799","304,434","279,365","858,584"
2013,Q3,"288,488","148,452","83,314","48,157","14,230","2,751","140,036","5,759","28,222","106,055","497,401","193,871","303,530","785,889"
2013,Q4,"225,755","126,609","68,364","37,849","13,847","6,549","99,146","3,812","24,947","70,387","548,065","253,912","294,153","773,820"
2014,Q1,"238,870","130,127","70,933","38,751","15,109","5,334","108,743","5,271","20,399","83,073","559,119","245,211","313,908","797,989"
2014,Q2,"272,870","138,179","81,267","39,037","14,521","3,354","134,691","6,309","27,025","101,357","580,170","251,674","328,496","853,040"
2014,Q3,"287,116","145,373","83,598","44,794","14,601","2,380","141,743","6,467","31,107","104,169","534,139","179,904","354,235","821,255"
2014,Q4,"239,207","130,212","70,806","38,722","14,247","6,437","108,995","5,064","26,356","77,575","551,288","242,326","308,962","790,495"
2015,Q1,"278,549","128,693","70,749","38,677","14,978","4,289","149,856","5,649","28,095","116,112","567,255","241,226","326,029","845,804"
2015,Q2,"298,686","137,008","79,205","40,800","14,302","2,701","161,678","4,279","35,236","122,163","553,109","233,362","319,747","851,795"
2015,Q3,"303,326","141,178","80,134","44,274","14,300","2,470","162,148","4,291","48,097","109,760","490,093","148,446","341,647","793,419"
2015,Q4,"279,174","122,481","65,622","35,003","13,953","7,903","156,693","4,644","38,289","113,760","600,880","258,012","342,868","880,054"
2016,Q1,"306,373","135,573","72,062","37,026","21,539","4,946","170,800","6,457","28,834","135,509","587,611","220,405","367,206","893,984"
2016,Q2,"317,937","132,823","77,515","37,131","14,702","3,475","185,114","4,883","30,954","149,277","554,362","214,875","339,487","872,299"
2016,Q3,"315,822","138,913","79,861","42,082","14,690","2,280","176,909","3,626","38,078","135,205","485,588","147,957","337,631","801,410"
2016,Q4,"283,274","116,702","63,730","31,534","14,293","7,145","166,572","3,143","32,218","131,211","608,936","254,113","354,823","892,210"
2017,Q1,"319,398","131,863","75,228","36,313","15,892","4,430","187,535","4,192","33,529","149,814","606,242","222,057","384,185","925,640"
2017,Q2,"300,904","138,111","80,272","39,045","15,237","3,557","162,793","3,493","32,776","126,524","600,597","250,023","350,574","901,501"
2017,Q3,"317,024","140,172","79,745","42,747","15,242","2,438","176,852","4,320","35,204","137,328","517,960","166,055","351,905","834,984"
2017,Q4,"275,088","116,582","62,130","32,264","14,635","7,553","158,506","3,363","32,074","123,069","641,965","299,035","342,930","917,053"
2018,Q1,"328,986","139,425","79,752","37,580","17,067","5,026","189,561","4,500","36,125","148,936","625,003","227,977","397,026","953,989"
2018,Q2,"313,103","145,593","83,958","39,812","18,319","3,504","167,510","4,439","31,325","131,746","616,609","272,652","343,957","929,712"
2018,Q3,"337,715","151,320","86,089","44,198","18,276","2,757","186,395","3,892","37,015","145,488","545,769","184,379","361,390","883,484"
2018,Q4,"288,475","125,257","63,268","33,146","20,708","8,135","163,218","2,335","30,277","130,606","675,210","319,666","355,544","963,685"
2019,Q1,"341,358","142,783","78,415","40,176","18,975","5,217","198,575","5,521","33,583","159,471","645,760","236,084","409,676","987,118"
2019,Q2,"326,606","148,103","82,442","42,994","19,356","3,311","178,503","5,205","31,316","141,982","627,301","279,911","347,390","953,907"
2019,Q3,"348,833","151,632","84,773","44,675","19,591","2,593","197,201","4,103","39,968","153,130","555,452","186,392","369,060","904,285"
2019,Q4,"280,696","128,557","63,828","37,194","19,735","7,800","152,139","2,545","34,160","115,434","686,379","324,280","362,099","967,075"
2020,Q1,"306,389","136,587","72,779","37,020","22,109","4,679","169,802","3,310","37,152","129,340","614,914","211,797","403,117","921,303"
2020,Q2,"346,498","143,641","76,238","42,341","22,436","2,626","202,857","2,844","31,784","168,229","532,130","219,500","312,630","878,628"
2020,Q3,"380,269","151,379","79,849","44,546","24,707","2,277","228,890","2,787","33,073","193,030","504,079","163,895","340,184","884,348"
2020,Q4,"278,494","123,704","57,957","32,321","26,432","6,994","154,790","2,787","27,065","124,938","672,595","317,285","355,310","951,089"
2021,Q1,"348,017","136,863","69,064","33,054","30,485","4,260","211,154","2,562","34,564","174,028","641,260","197,880","443,380","989,277"
2021,Q2,"362,840","145,728","72,713","41,351","29,172","2,492","217,112","4,423","33,040","179,649","581,910","246,190","335,720","944,750"
2021,Q3,"368,436","152,117","78,146","46,443","25,613","1,915","216,319","3,223","36,549","176,547","527,787","146,521","381,266","896,223"
2021,Q4,"282,425","125,170","61,655","39,594","17,465","6,456","157,255","3,583","29,170","124,502","692,446","274,661","417,785","974,871"
2022,Q1,"337,010","127,985","67,873","37,556","18,557","3,999","209,025","3,376","37,941","167,708","693,574","221,096","472,478","1,030,584"
2022,Q2,"358,690","148,221","78,415","50,285","17,084","2,437","210,469","3,751","27,337","179,381","616,892","279,146","337,746","975,582"
2022,Q3,"373,015","159,829","85,834","53,671","18,355","1,969","213,186","5,464","35,383","172,339","620,701","180,378","440,323","993,716"
2022,Q4,"299,717","130,963","65,193","42,597","16,482","6,691","168,754","3,719","27,695","137,340","760,498","299,598","460,900","1,060,215"
2023,Q1,"357,682","132,389","70,996","36,641","20,684","4,068","225,293","4,157","37,100","184,036","724,521","226,338","498,183","1,082,203"
2023,Q2,"364,386","153,294","80,611","51,753","18,541","2,389","211,092","4,484","32,047","174,561","627,414","275,693","351,721","991,800"
2023,Q3,"379,306","167,390","88,324","59,147","18,010","1,909","211,916","5,803","36,266","169,847","623,645","185,777","437,868","1,002,951"
2023,Q4,"275,253","136,018","66,561","47,114","15,888","6,455","139,235","3,891","27,301","108,043","764,693","303,731","460,962","1,039,946"
2024,Q1,"295,695","139,462","71,905","43,052","20,792","3,713","156,233","4,092","31,263","120,878","738,462","189,886","548,576","1,034,157"
2024,Q2,"346,327","151,295","74,861","54,815","19,334","2,285","195,032","4,871","36,642","153,519","590,148","226,571","363,577","936,475"
2024,Q3,"440,007","159,201","80,430","58,297","18,646","1,828","280,806","4,083","38,453","238,270","624,362","152,424","471,938","1,064,369"
2024,Q4,"328,933","131,894","61,588","47,182","16,453","6,671","197,039","3,698","34,090","159,251","759,018","253,543","505,475","1,087,951"
2025,Q1,"344,115","134,400","68,179","41,934","20,710","3,577","209,715","3,976","33,489","172,250","742,359","173,455","568,904","1,086,474"
2025,Q2,"374,938","147,869","71,642","55,453","18,636","2,138","227,069","3,640","36,532","186,897","609,841","235,976","373,865","984,779"
2025,Q3,"418,812","157,105","77,610","59,085","18,661","1,749","261,707","4,674","37,068","219,965","647,589","163,090","484,499","1,066,401"
2025,Q4,"365,278","137,907","64,193","50,230","17,098","6,386","227,371","3,863","34,396","189,112","797,188","272,458","524,730","1,162,466"
2026,Q1r,"364,977","138,252","69,521","43,881","21,185","3,665","226,725","3,839","34,812","188,074","810,232","194,772","615,460","1,175,209"
2026,Q2,"385,112","153,135","73,745","57,559","19,548","2,283","231,977","3,224","32,269","196,484","710,256","249,078","461,178","1,095,368"
,,,,,,,,,,,,,,,
