"DATASET","SERIES_CODE","OBS_MEASURE","COUNTRY","INDICATOR","FREQUENCY","SCALE","1980","1981","1982","1983","1984","1985","1986","1987","1988","1989","1990","1991","1992","1993","1994","1995","1996","1997","1998","1999","2000","2001","2002","2003","2004","2005","2006","2007","2008","2009","2010","2011","2012","2013","2014","2015","2016","2017","2018","2019","2020","2021","2022","2023","2024","2025","2026","2027","2028","2029","2030","2031"
"IMF.RES:WEO(9.0.0)","THA.GGXCNL.A","OBS_VALUE","Thailand","Net lending (+) / net borrowing (-), General government, Domestic currency","Annual","Billions","","","","","","","","","","","","","","","","124.784","123.995","-78.998","-293.639","-415.450","-86.907","-90.197","-359.373","122.030","74.736","161.992","154.046","19.457","78.122","-209.144","-113.609","10.706","-101.322","77.153","-91.953","25.501","59.246","-77.097","32.805","71.746","-709.726","-1075.834","-789.735","-341.440","-237.952","-360.305","-430.657","-386.134","-420.293","-467.225","-488.962","-512.421"
"IMF.RES:WEO(9.0.0)","THA.NGDPDPC.A","OBS_VALUE","Thailand","Gross domestic product (GDP), Current prices, Per capita, US dollar","Annual","Units","705.484","744.913","767.410","824.445","845.080","772.393","840.315","967.712","1160.538","1338.257","1564.175","1769.043","1999.204","2209.362","2491.433","2846.590","3043.982","2468.182","1845.829","2033.260","2005.977","1889.934","2089.752","2347.540","2641.563","2867.704","3331.320","3918.528","4309.135","4135.440","4973.863","5373.623","5725.528","6018.083","5801.198","5688.853","5833.577","6413.092","7099.777","7605.697","6983.034","7055.188","6910.010","7210.541","7386.636","8056.566","8105.068","8169.811","8392.110","8730.330","9092.478","9498.049"
"IMF.RES:WEO(9.0.0)","THA.TM_RPCH.A","OBS_VALUE","Thailand","Imports of goods and services, Volume, Cost insurance freight (CIF), Percent change","Annual","Units","2.834","5.442","-12.922","23.600","1.021","-8.187","4.958","27.063","32.747","21.581","23.682","12.950","8.968","11.778","15.749","19.968","-0.605","-11.298","-21.647","10.489","27.118","-5.496","6.221","11.096","20.305","16.190","2.943","4.200","11.399","-20.772","22.956","12.400","5.629","1.681","-5.298","0.004","-0.992","6.227","8.274","-5.167","-13.911","17.874","3.431","-2.452","5.670","6.654","0.450","2.675","2.595","2.646","2.652","2.820"
"IMF.RES:WEO(9.0.0)","THA.GGSB.A","OBS_VALUE","Thailand","Structural balance, General government, Domestic currency","Annual","Billions","","","","","","","","","","","","","","","","162.051","74.214","-114.412","-254.398","-356.084","-46.117","-41.057","-290.157","117.013","62.710","148.357","131.507","-1.383","19.613","-128.652","-135.841","-6.946","-59.646","16.441","-79.798","56.504","87.802","-73.556","0.009","48.011","-587.034","-925.650","-710.454","-289.012","-194.768","-327.992","-405.572","-378.442","-419.602","-467.225","-488.962","-512.421"
"IMF.RES:WEO(9.0.0)","THA.PPPSH.A","OBS_VALUE","Thailand","Gross domestic product (GDP), Purchasing power parity (PPP) international dollar, percent of world GDP, Percent, ICP benchmarks 2017-2021","Annual","Units","0.572","0.592","0.621","0.639","0.647","0.654","0.668","0.704","0.764","0.828","0.888","0.942","0.923","0.985","1.035","1.079","1.099","1.027","0.924","0.934","0.928","0.937","0.968","1.001","1.012","1.008","1.006","1.008","0.997","0.997","1.019","0.990","1.029","1.022","0.998","0.996","0.999","1.003","1.015","1.016","0.979","0.924","0.915","0.906","0.903","0.894","0.882","0.872","0.864","0.859","0.854","0.850"
"IMF.RES:WEO(9.0.0)","THA.GGXONLB_NGDP.A","OBS_VALUE","Thailand","Primary net lending (+) / net borrowing (-), General government, Percent of GDP","Annual","Units","","","","","","","","","","","","","","","","","","","","","-0.591","-0.519","-5.383","3.074","2.365","3.391","3.233","1.275","1.912","-1.181","0.032","1.285","0.349","1.719","0.424","1.203","1.265","0.525","1.224","1.443","-3.502","-5.463","-3.289","-0.747","-0.093","-0.754","-1.026","-0.723","-0.751","-0.766","-0.775","-0.781"
"IMF.RES:WEO(9.0.0)","THA.GGR.A","OBS_VALUE","Thailand","Revenue, General government, Domestic currency","Annual","Billions","","","","","","","","","","","","","","","","826.508","934.078","937.810","822.730","804.194","851.290","972.100","1015.162","1249.961","1381.118","1621.588","1700.479","1788.667","1953.200","1842.817","2223.854","2411.738","2518.776","2862.042","2821.712","3052.824","3122.721","3216.937","3453.818","3526.278","3241.025","3207.412","3434.773","3723.820","3940.189","3980.468","4063.629","4201.379","4340.482","4503.696","4680.303","4875.965"
"IMF.RES:WEO(9.0.0)","THA.TMG_RPCH.A","OBS_VALUE","Thailand","Imports of goods, Volume, Cost insurance freight (CIF), Percent change","Annual","Units","0.887","6.936","-12.630","26.392","1.875","-8.197","4.205","28.027","33.706","21.793","22.037","9.452","5.222","10.152","15.724","19.338","1.117","-7.787","-24.071","12.480","6.920","-3.418","3.797","13.457","20.557","18.606","1.197","3.435","12.431","-20.397","27.287","13.465","6.653","2.019","-6.761","-0.683","-2.476","7.368","7.650","-5.821","-10.467","18.114","1.037","-4.086","4.766","9.721","0.297","3.029","3.061","2.838","2.789","3.019"
"IMF.RES:WEO(9.0.0)","THA.GGXONLB.A","OBS_VALUE","Thailand","Primary net lending (+) / net borrowing (-), General government, Domestic currency","Annual","Billions","","","","","","","","","","","","","","","","","","","","","-28.642","-26.477","-287.747","189.639","159.847","252.812","266.813","112.805","186.486","-111.589","3.376","146.134","41.137","221.210","55.656","163.502","181.480","80.087","197.866","242.553","-555.950","-873.906","-563.525","-133.613","-17.275","-142.528","-198.116","-143.701","-154.315","-163.507","-171.885","-180.587"
"IMF.RES:WEO(9.0.0)","THA.TXG_RPCH.A","OBS_VALUE","Thailand","Exports of goods, Volume, Free on board (FOB), Percent change","Annual","Units","8.420","5.977","24.992","-8.840","14.934","5.159","17.780","20.329","23.541","22.914","12.627","17.215","10.927","11.485","17.715","13.376","0.634","12.242","-0.848","12.057","24.235","0.497","3.959","11.682","14.420","7.481","11.176","11.756","4.832","-13.738","16.690","8.724","2.228","0.370","0.946","-1.845","0.402","5.638","3.925","-3.667","-5.814","15.472","1.201","-2.701","4.430","11.963","-0.800","3.012","3.320","3.049","2.696","2.879"
"IMF.RES:WEO(9.0.0)","THA.PPPGDP.A","OBS_VALUE","Thailand","Gross domestic product (GDP), Current prices, Purchasing power parity (PPP) international dollar, ICP benchmarks 2017-2021","Annual","Billions","75.722","87.784","98.198","107.739","118.057","127.445","137.205","153.990","180.604","210.572","243.843","273.273","305.298","339.649","374.644","413.558","444.932","440.141","411.110","435.991","465.732","492.620","531.038","580.453","633.549","680.779","736.636","797.715","827.114","826.467","899.363","925.630","1011.155","1056.002","1084.972","1129.360","1179.255","1250.522","1347.311","1427.827","1372.406","1451.544","1596.526","1692.686","1785.790","1880.755","1963.655","2048.928","2130.290","2221.427","2318.733","2419.608"
"IMF.RES:WEO(9.0.0)","THA.PPPPC.A","OBS_VALUE","Thailand","Gross domestic product (GDP), Per capita, purchasing power parity (PPP) international dollar, ICP benchmarks 2017-2021","Annual","Units","1598.364","1816.495","1993.635","2147.307","2310.547","2449.596","2589.753","2854.520","3290.200","3775.574","4311.361","4774.786","5280.969","5822.111","6363.349","6954.381","7399.476","7233.626","6675.484","6998.410","7391.647","7739.377","8263.064","8948.194","9679.589","10312.105","11065.965","11888.028","12231.823","12132.331","13114.171","13413.532","14562.380","15119.196","15451.833","16010.024","16642.080","17573.340","18876.221","19963.392","19156.582","20236.976","22255.788","23607.092","24917.534","26260.240","27440.829","28661.088","29833.077","31148.985","32559.606","34029.134"
"IMF.RES:WEO(9.0.0)","THA.GGXWDG_NGDP.A","OBS_VALUE","Thailand","Gross debt, General government, Percent of GDP","Annual","Units","","","","","","","","","","","","","","","","","15.193","40.455","49.881","56.585","57.826","57.532","54.901","47.500","46.267","45.462","39.177","35.985","34.946","42.364","39.831","39.116","41.929","42.191","43.334","42.559","41.745","41.777","41.941","41.063","49.434","58.367","60.548","62.236","62.913","64.685","66.799","67.820","68.561","69.123","69.518","69.699"
"IMF.RES:WEO(9.0.0)","THA.GGSB_NPGDP.A","OBS_VALUE","Thailand","Structural balance, General government, Percent","Annual","Units","","","","","","","","","","","","","","","","3.795","1.738","-2.530","-5.203","-7.197","-0.907","-0.766","-5.081","1.905","0.936","2.007","1.615","-0.016","0.207","-1.305","-1.292","-0.062","-0.498","0.131","-0.605","0.412","0.607","-0.482","0.000","0.288","-3.563","-5.527","-4.053","-1.593","-1.042","-1.721","-2.087","-1.900","-2.041","-2.189","-2.204","-2.216"
"IMF.RES:WEO(9.0.0)","THA.NGDP_R.A","OBS_VALUE","Thailand","Gross domestic product (GDP), Constant prices, Domestic currency","Annual","Billions","1577.940","1671.197","1760.654","1858.919","1965.992","2057.271","2171.117","2377.785","2693.747","3022.212","3373.479","3656.940","3994.472","4341.027","4688.180","5068.875","5355.365","5207.901","4810.328","5030.271","5254.382","5435.356","5769.577","6184.367","6573.323","6848.590","7188.815","7579.538","7710.338","7657.089","8232.396","8301.559","8902.824","9142.087","9232.088","9521.426","9848.502","10259.941","10693.205","10919.319","10253.998","10413.210","10692.779","10932.312","11254.239","11525.758","11698.644","11944.380","12218.138","12518.258","12830.831","13151.603"
"IMF.RES:WEO(9.0.0)","THA.BCA_NGDPD.A","OBS_VALUE","Thailand","Current account balance (credit less debit), Percent of GDP","Annual","Units","-6.212","-7.142","-2.654","-6.946","-4.883","-3.826","0.555","-0.702","-2.597","-3.347","-8.230","-7.478","-5.454","-4.931","-5.494","-8.023","-8.027","-2.012","12.529","9.811","7.368","4.240","3.466","3.134","1.596","-4.036","1.044","5.927","0.319","7.877","3.367","2.542","-1.232","-2.102","2.858","6.916","10.508","9.631","5.620","7.049","4.144","-2.142","-3.429","1.640","2.195","3.070","0.708","1.409","1.905","2.316","2.481","2.669"
"IMF.RES:WEO(9.0.0)","THA.TX_RPCH.A","OBS_VALUE","Thailand","Exports of goods and services, Volume, Free on board (FOB), Percent change","Annual","Units","13.727","4.104","18.788","-6.318","12.056","4.170","15.051","21.108","26.114","21.145","11.686","17.280","13.807","12.735","14.245","15.445","-5.525","7.234","8.242","9.031","17.488","-4.211","5.887","9.134","14.631","7.760","10.788","8.894","6.264","-12.140","14.220","9.509","3.662","2.514","0.345","1.250","2.696","5.181","3.351","-2.954","-19.967","11.130","6.384","2.717","7.522","9.215","-0.231","2.859","2.910","3.028","2.947","3.092"
"IMF.RES:WEO(9.0.0)","THA.NGDP.A","OBS_VALUE","Thailand","Gross domestic product (GDP), Current prices, Domestic currency","Annual","Billions","684.362","785.514","869.396","951.419","1020.735","1091.390","1170.830","1342.846","1611.321","1918.332","2263.467","2583.491","2935.646","3263.426","3689.090","4217.614","4638.604","4710.310","4701.553","4789.826","5069.820","5345.001","5769.578","6317.303","6954.282","7614.411","8400.644","9076.301","9706.929","9658.667","10808.145","11306.906","12357.342","12915.158","13230.304","13743.480","14590.337","15488.664","16373.343","16889.174","15655.440","16182.001","17379.625","17993.197","18683.888","18973.709","19429.850","20032.733","20734.236","21542.441","22404.228","23367.092"
"IMF.RES:WEO(9.0.0)","THA.LP.A","OBS_VALUE","Thailand","Population, Persons for countries / Index for country groups","Annual","Millions","47.374","48.326","49.256","50.174","51.095","52.027","52.980","53.946","54.892","55.772","56.558","57.232","57.811","58.338","58.875","59.467","60.130","60.847","61.585","62.299","63.008","63.651","64.266","64.868","65.452","66.017","66.568","67.102","67.620","68.121","68.579","69.007","69.436","69.845","70.216","70.541","70.860","71.160","71.376","71.522","71.641","71.727","71.735","71.702","71.668","71.620","71.560","71.488","71.407","71.316","71.215","71.104"
"IMF.RES:WEO(9.0.0)","THA.PCPIEPCH.A","OBS_VALUE","Thailand","All Items, Consumer price index (CPI), End-of-period (EoP), percent change","Annual","Units","","12.092","2.624","3.977","-0.820","3.581","1.862","3.655","3.023","6.357","-3.816","4.661","3.174","4.316","4.732","7.516","4.730","7.503","4.351","0.593","1.626","0.580","1.591","1.858","2.939","5.696","3.741","2.965","0.480","3.472","3.094","3.533","3.623","1.681","0.599","-0.860","1.123","0.770","0.360","0.870","-0.270","2.173","5.894","-0.839","1.239","-0.279","1.525","0.805","1.700","1.700","1.800","2.000"
"IMF.RES:WEO(9.0.0)","THA.BCA.A","OBS_VALUE","Thailand","Current account balance (credit less debit), US dollar","Annual","Billions","-2.076","-2.571","-1.003","-2.873","-2.109","-1.537","0.247","-0.366","-1.654","-2.498","-7.281","-7.571","-6.303","-6.355","-8.059","-13.582","-14.691","-3.021","14.242","12.428","9.313","5.101","4.654","4.772","2.759","-7.642","2.315","15.584","0.931","22.189","11.486","9.427","-4.899","-8.833","11.643","27.753","43.438","43.952","28.479","38.342","20.732","-10.839","-16.996","8.479","11.619","17.715","4.105","8.231","11.416","14.423","16.068","18.022"
"IMF.RES:WEO(9.0.0)","THA.NGDP_RPCH.A","OBS_VALUE","Thailand","Gross domestic product (GDP), Constant prices, Percent change","Annual","Units","4.601","5.910","5.353","5.581","5.760","4.643","5.534","9.519","13.288","12.194","11.623","8.403","9.230","8.676","7.997","8.120","5.652","-2.754","-7.634","4.572","4.455","3.444","6.149","7.189","6.289","4.188","4.968","5.435","1.726","-0.691","7.513","0.840","7.243","2.687","0.984","3.134","3.435","4.178","4.223","2.115","-6.093","1.553","2.685","2.240","2.945","2.413","1.500","2.101","2.292","2.456","2.497","2.500"
"IMF.RES:WEO(9.0.0)","THA.GGXWDG.A","OBS_VALUE","Thailand","Gross debt, General government, Domestic currency","Annual","Billions","","","","","","","","","","","","","","","","","685.230","1901.360","2327.840","2607.056","2804.279","2934.900","2934.900","2930.000","3126.600","3389.000","3233.100","3183.400","3408.200","4001.900","4230.300","4448.300","4937.200","5430.600","5690.800","5783.300","5988.400","6369.300","6781.000","6901.800","7848.200","9337.500","10373.900","11131.634","11627.854","12226.290","12902.701","13483.995","14095.365","14751.024","15425.178","16118.945"
"IMF.RES:WEO(9.0.0)","THA.LUR.A","OBS_VALUE","Thailand","Unemployment rate","Annual","Units","","","","","","","","","","","2.200","3.100","2.800","2.600","2.600","1.700","1.500","1.500","4.400","4.200","3.600","3.300","2.400","2.200","2.100","1.900","1.500","1.400","1.400","1.500","1.000","0.700","0.700","0.700","0.800","0.900","1.000","1.200","1.100","1.000","1.700","1.900","1.300","1.000","1.000","1.000","1.000","1.000","1.000","1.000","1.000","1.000"
"IMF.RES:WEO(9.0.0)","THA.NGDPPC.A","OBS_VALUE","Thailand","Gross domestic product (GDP), Current prices, Per capita, Domestic currency","Annual","Units","14445.802","16254.394","17650.598","18962.410","19977.244","20977.409","22099.441","24892.468","29354.638","34395.873","40020.141","45140.302","50780.037","55940.188","62659.410","70923.280","77142.680","77412.886","76342.375","76885.008","80463.352","83973.373","89775.912","97386.798","106250.031","115339.421","126197.024","135260.465","143551.514","141786.757","157600.352","163851.086","177967.114","184911.403","188421.939","194830.240","205904.174","217659.124","229395.383","236138.671","218524.787","225604.390","242274.277","250942.621","260700.524","264922.442","271519.772","280224.501","290367.018","302069.423","314599.755","328632.501"
"IMF.RES:WEO(9.0.0)","THA.GGR_NGDP.A","OBS_VALUE","Thailand","Revenue, General government, Percent of GDP","Annual","Units","","","","","","","","","","","","","","","","20.230","20.711","19.954","17.629","17.455","17.554","19.056","18.990","20.264","20.437","21.753","20.606","20.219","20.027","19.508","20.939","21.208","21.391","22.235","21.487","22.465","21.769","21.101","21.362","20.980","20.414","20.049","20.047","20.819","21.319","21.059","21.038","21.132","21.112","21.104","21.093","21.084"
"IMF.RES:WEO(9.0.0)","THA.NGSD_NGDP.A","OBS_VALUE","Thailand","Gross national savings, Percent of GDP","Annual","Units","17.722","18.292","19.733","18.171","19.238","23.516","25.600","26.281","28.952","30.599","41.539","34.783","34.451","34.903","35.590","35.045","34.692","32.204","32.644","30.015","30.051","27.959","26.578","27.116","27.792","26.384","28.055","31.423","28.546","28.513","28.724","29.334","26.792","25.356","26.777","29.271","31.614","32.565","30.839","30.863","27.908","26.535","24.395","24.034","23.648","25.141","22.829","23.311","23.691","23.908","23.856","23.805"
"IMF.RES:WEO(9.0.0)","THA.GGX_NGDP.A","OBS_VALUE","Thailand","Expenditure, General government, Percent of GDP","Annual","Units","","","","","","","","","","","","","","","","17.176","17.962","21.634","23.922","26.472","19.346","20.824","25.712","18.286","19.331","19.580","18.739","19.999","19.226","21.722","22.009","21.113","22.251","21.636","22.187","22.278","21.356","21.606","21.159","20.553","24.885","26.774","24.657","22.728","22.606","22.966","23.267","23.074","23.157","23.293","23.297","23.300"
"IMF.RES:WEO(9.0.0)","THA.GGX.A","OBS_VALUE","Thailand","Expenditure, General government, Domestic currency","Annual","Billions","","","","","","","","","","","","","","","","701.724","810.083","1016.808","1116.369","1219.644","938.197","1062.297","1374.535","1127.931","1306.382","1459.596","1546.432","1769.209","1875.078","2051.961","2337.463","2401.032","2620.097","2784.888","2913.665","3027.323","3063.476","3294.034","3421.013","3454.532","3950.751","4283.246","4224.508","4065.261","4178.141","4340.773","4494.287","4587.513","4760.775","4970.921","5169.265","5388.387"
"IMF.RES:WEO(9.0.0)","THA.PCPIPCH.A","OBS_VALUE","Thailand","All Items, Consumer price index (CPI), Period average, percent change","Annual","Units","19.700","12.693","5.251","3.868","0.868","2.257","1.843","2.566","3.757","5.468","5.840","5.790","4.015","3.381","5.056","5.796","5.825","5.628","7.960","0.239","1.697","1.612","0.659","1.818","2.809","4.467","4.714","2.163","5.486","-0.869","3.300","3.811","3.009","2.186","1.895","-0.898","0.186","0.664","1.067","0.706","-0.846","1.231","6.076","1.229","0.398","-0.134","0.916","1.006","1.200","1.400","1.500","1.800"
"IMF.RES:WEO(9.0.0)","THA.NGDPRPC.A","OBS_VALUE","Thailand","Gross domestic product (GDP), Constant prices, Per capita, Domestic currency","Annual","Units","33307.809","34581.535","35745.041","37049.509","38477.287","39542.453","40979.866","44077.224","49074.015","54188.526","59646.156","63896.245","69095.333","74411.942","79629.012","85238.062","89062.832","85590.683","78108.630","80744.567","83392.544","85392.908","89775.897","95337.473","100429.602","103739.134","107992.561","112954.808","114024.806","112404.105","120041.738","120299.882","128216.076","130890.859","131480.571","134977.583","138985.663","144180.917","149814.968","152670.194","143129.336","145177.713","149058.757","152467.793","157032.947","160929.629","163481.099","167081.939","171105.624","175531.779","180170.281","184962.856"
"IMF.RES:WEO(9.0.0)","THA.NGDPRPPPPC.A","OBS_VALUE","Thailand","Gross domestic product (GDP), Constant prices, Per capita, purchasing power parity (PPP) international dollar, ICP benchmark 2021","Annual","Units","4642.926","4820.476","4982.662","5164.498","5363.523","5512.001","5712.368","6144.123","6840.648","7553.583","8314.347","8906.786","9631.510","10372.616","11099.847","11881.718","12414.870","11930.871","10887.914","11255.349","11624.463","11903.302","12514.267","13289.520","13999.335","14460.666","15053.570","15745.280","15894.432","15668.515","16733.159","16769.143","17872.617","18245.467","18327.670","18815.134","19373.838","20098.028","20883.384","21281.387","19951.444","20236.976","20777.972","21253.173","21889.531","22432.707","22788.368","23290.305","23851.185","24468.166","25114.748","25782.807"
"IMF.RES:WEO(9.0.0)","THA.PCPIE.A","OBS_VALUE","Thailand","All Items, Consumer price index (CPI), End-of-period (EoP)","Annual","Units","30.600","34.300","35.200","36.600","36.300","37.600","38.300","39.700","40.900","43.500","41.840","43.790","45.180","47.130","49.360","53.070","55.580","59.750","62.350","62.720","63.740","64.110","65.130","66.340","68.290","72.180","74.880","77.100","77.470","80.160","82.640","85.560","88.660","90.150","90.690","89.910","90.920","91.620","91.950","92.750","92.500","94.510","100.080","99.240","100.470","100.190","101.718","102.537","104.280","106.053","107.962","110.121"
"IMF.RES:WEO(9.0.0)","THA.GGXCNL_NGDP.A","OBS_VALUE","Thailand","Net lending (+) / net borrowing (-), General government, Percent of GDP","Annual","Units","","","","","","","","","","","","","","","","3.054","2.749","-1.681","-6.292","-9.017","-1.792","-1.768","-6.722","1.978","1.106","2.173","1.867","0.220","0.801","-2.214","-1.070","0.094","-0.860","0.599","-0.700","0.188","0.413","-0.506","0.203","0.427","-4.470","-6.725","-4.609","-1.909","-1.287","-1.906","-2.230","-1.942","-2.044","-2.189","-2.204","-2.216"
"IMF.RES:WEO(9.0.0)","THA.NGDPD.A","OBS_VALUE","Thailand","Gross domestic product (GDP), Current prices, US dollar","Annual","Billions","33.422","35.999","37.799","41.366","43.179","40.185","44.520","52.204","63.704","74.637","88.467","101.247","115.576","128.889","146.684","169.279","183.035","150.180","113.676","126.669","126.392","120.296","134.301","152.281","172.896","189.318","221.758","262.943","291.383","281.711","341.105","370.819","397.558","420.334","407.339","401.296","413.366","456.357","506.754","543.977","500.275","506.050","495.692","517.013","529.386","577.010","579.996","584.045","599.255","622.614","647.521","675.349"
"IMF.RES:WEO(9.0.0)","THA.NGDP_FY.A","OBS_VALUE","Thailand","Gross domestic product (GDP), Current prices, Fiscal year, Domestic currency","Annual","Billions","","","","","","","","","","","","2503.485","2847.607","3181.481","3582.674","4085.483","4510.055","4699.943","4666.795","4607.310","4849.547","5101.367","5345.826","6168.364","6757.794","7454.616","8252.517","8846.464","9752.659","9446.537","10620.555","11372.077","11775.032","12871.547","13132.264","13589.050","14345.024","15245.782","16167.922","16807.808","15876.214","15998.016","17133.294","17886.266","18482.402","18901.254","19315.815","19882.012","20558.860","21340.390","22188.782","23126.376"
"IMF.RES:WEO(9.0.0)","THA.PPPEX.A","OBS_VALUE","Thailand","Rate, Domestic currency per international dollar in PPP terms, ICP benchmarks 2017-2021","Annual","Units","9.038","8.948","8.853","8.831","8.646","8.564","8.533","8.720","8.922","9.110","9.282","9.454","9.616","9.608","9.847","10.198","10.425","10.702","11.436","10.986","10.886","10.850","10.865","10.883","10.977","11.185","11.404","11.378","11.736","11.687","12.018","12.215","12.221","12.230","12.194","12.169","12.373","12.386","12.153","11.829","11.407","11.148","10.886","10.630","10.463","10.088","9.895","9.777","9.733","9.698","9.662","9.657"
"IMF.RES:WEO(9.0.0)","THA.NID_NGDP.A","OBS_VALUE","Thailand","Gross capital formation, Percent of GDP","Annual","Units","26.499","26.339","23.222","25.985","25.004","28.335","25.988","27.994","32.671","35.212","41.529","42.075","39.719","39.656","40.908","42.863","42.533","34.275","20.071","20.173","22.283","23.112","22.744","23.829","25.681","30.421","27.012","25.496","28.226","20.636","25.357","26.791","28.024","27.457","23.919","22.356","21.105","22.934","25.220","23.815","23.764","28.677","27.823","22.394","21.453","22.071","22.121","21.902","21.786","21.591","21.374","21.136"
"IMF.RES:WEO(9.0.0)","THA.PCPI.A","OBS_VALUE","Thailand","All Items, Consumer price index (CPI), Period average","Annual","Units","26.504","29.868","31.437","32.653","32.936","33.679","34.300","35.180","36.502","38.498","40.746","43.105","44.836","46.352","48.695","51.518","54.518","57.587","62.171","62.319","63.377","64.398","64.823","66.001","67.855","70.886","74.228","75.833","79.993","79.298","81.915","85.037","87.596","89.511","91.207","90.388","90.556","91.158","92.130","92.780","91.995","93.128","98.786","100.000","100.398","100.264","101.182","102.200","103.427","104.874","106.448","108.364"
"IMF.RES:WEO(9.0.0)","THA.NGDP_D.A","OBS_VALUE","Thailand","Gross domestic product (GDP), Price deflator, Index","Annual","Units","43.371","47.003","49.379","51.181","51.920","53.050","53.928","56.475","59.817","63.474","67.096","70.646","73.493","75.176","78.689","83.206","86.616","90.445","97.739","95.220","96.487","98.338","100.000","102.150","105.796","111.182","116.857","119.747","125.895","126.140","131.288","136.202","138.802","141.271","143.308","144.343","148.148","150.963","153.119","154.672","152.676","155.399","162.536","164.587","166.016","164.620","166.086","167.717","169.700","172.088","174.612","177.675"
